datetime,weather,temperature,windspeed
01/01/2013 00:00,Clouds,272.96,4
01/01/2014 00:00,Rain,261.98,0
01/01/2017 00:00,Clouds,274.06,4
01/01/2018 00:00,Clouds,260.55,4
01/10/2013 00:00,Clouds,276.51,5
01/10/2016 00:00,Rain,273.88,4
01/10/2017 00:00,Snow,270.55,5
01/10/2018 00:00,Mist,272.79,3
01/11/2013 00:00,Clouds,276.91,5
01/11/2017 00:00,Clouds,277.26,14
01/11/2018 00:00,Mist,283.03,6
01/12/2013 00:00,Rain,276.68,5
01/12/2014 00:00,Clouds,285.193,3
01/12/2017 00:00,Thunderstorm,278.67,4
01/12/2018 00:00,Rain,281.46,8
01/13/2013 00:00,Clouds,284.38,7
01/13/2017 00:00,Clear,269.15,3
01/13/2018 00:00,Snow,267.22,10
01/14/2016 00:00,Clouds,267.31,4
01/14/2017 00:00,Clouds,269.06,2
01/14/2018 00:00,Clear,262.42,1
01/15/2013 00:00,Clouds,266.57,5
01/15/2014 00:00,Clouds,270.15,7
01/15/2016 00:00,Clear,278.13,5
01/15/2017 00:00,Haze,272.55,2
01/15/2018 00:00,Snow,266.15,5
01/16/2013 00:00,Clear,267.75,2
01/16/2014 00:00,Clouds,264.32,3
01/16/2016 00:00,Mist,273.63,6
01/16/2017 00:00,Haze,273.49,2
01/16/2018 00:00,Snow,262.85,7
01/17/2013 00:00,Clouds,270.09,1
01/17/2016 00:00,Clouds,269.64,5
01/17/2017 00:00,Rain,275.61,3
01/17/2018 00:00,Snow,266.76,3
01/18/2013 00:00,Clouds,274.68,6
01/18/2016 00:00,Clear,257.16,7
01/18/2017 00:00,Mist,275.37,5
01/18/2018 00:00,Clouds,265.43,6
01/19/2013 00:00,Clear,269.18,3
01/19/2014 00:00,Clouds,285.193,3
01/19/2016 00:00,Clouds,258.65,7
01/19/2017 00:00,Clouds,275.55,2
01/19/2018 00:00,Clear,272.15,7
01/02/2013 00:00,Clouds,270.49,4
01/02/2014 00:00,Rain,267.22,4
01/02/2016 00:00,Clear,271.24,6
01/02/2017 00:00,Clear,273.49,2
01/02/2018 00:00,Clear,253.7,6
01/20/2013 00:00,Clear,277.0,4
01/20/2014 00:00,Clouds,274.26,2
01/20/2016 00:00,Clouds,263.81,4
01/20/2017 00:00,Rain,277.37,3
01/20/2018 00:00,Haze,275.88,7
01/21/2013 00:00,Clouds,280.38,7
01/21/2017 00:00,Mist,278.73,1
01/21/2018 00:00,Clouds,278.35,2
01/22/2016 00:00,Haze,268.7,2
01/22/2017 00:00,Clear,285.06,2
01/22/2018 00:00,Mist,279.65,2
01/23/2016 00:00,Snow,271.49,5
01/23/2017 00:00,Rain,278.59,3
01/23/2018 00:00,Thunderstorm,283.06,5
01/24/2013 00:00,Clear,261.25,0
01/24/2016 00:00,Clouds,271.99,2
01/24/2017 00:00,Clouds,278.04,4
01/24/2018 00:00,Clouds,272.14,4
01/25/2014 00:00,Clouds,267.45,4
01/25/2017 00:00,Clouds,276.283,2
01/25/2018 00:00,Clouds,271.55,4
01/26/2014 00:00,Clouds,261.58,5
01/26/2016 00:00,Rain,275.83,4
01/26/2017 00:00,Rain,276.66,7
01/26/2018 00:00,Mist,277.15,2
01/27/2014 00:00,Rain,271.85,6
01/27/2016 00:00,Snow,270.86,7
01/27/2017 00:00,Snow,274.15,4
01/27/2018 00:00,Clouds,283.41,6
01/28/2014 00:00,Clouds,252.54,6
01/28/2016 00:00,Clear,273.65,7
01/28/2017 00:00,Snow,270.14,6
01/28/2018 00:00,Clouds,279.64,4
01/29/2014 00:00,Clear,256.62,4
01/29/2017 00:00,Haze,271.15,3
01/29/2018 00:00,Snow,274.35,4
01/03/2013 00:00,Clear,264.74,4
01/03/2017 00:00,Rain,276.75,2
01/03/2018 00:00,Clear,256.52,4
01/30/2014 00:00,Clear,266.55,2
01/30/2017 00:00,Snow,269.65,4
01/30/2018 00:00,Snow,268.59,6
01/31/2013 00:00,Rain,285.72,3
01/31/2014 00:00,Rain,272.09,2
01/31/2016 00:00,Clouds,277.34,2
01/31/2017 00:00,Clouds,272.45,5
01/31/2018 00:00,Clear,271.85,3
01/04/2013 00:00,Clear,268.72,6
01/04/2014 00:00,Clouds,264.44,4
01/04/2016 00:00,Snow,271.12,5
01/04/2017 00:00,Mist,275.59,6
01/04/2018 00:00,Clouds,262.51,5
01/05/2013 00:00,Clouds,270.38,6
01/05/2017 00:00,Clear,264.38,8
01/05/2018 00:00,Clouds,259.56,5
01/06/2013 00:00,Clear,273.2,5
01/06/2014 00:00,Clouds,260.0,3
01/06/2016 00:00,Clear,272.15,3
01/06/2017 00:00,Clouds,261.74,3
01/06/2018 00:00,Clouds,259.45,5
01/07/2013 00:00,Snow,274.66,4
01/07/2014 00:00,Clouds,285.193,3
01/07/2017 00:00,Clear,258.94,2
01/07/2018 00:00,Clear,260.71,2
01/08/2013 00:00,Clouds,270.97,4
01/08/2014 00:00,Clouds,257.17,3
01/08/2016 00:00,Rain,277.23,3
01/08/2017 00:00,Clouds,264.04,8
01/08/2018 00:00,Mist,272.15,5
01/09/2013 00:00,Clouds,274.33,6
01/09/2014 00:00,Clouds,261.61,3
01/09/2017 00:00,Clear,264.26,4
01/09/2018 00:00,Mist,273.99,3
10/01/2015 00:00,Clouds,285.94,7
10/01/2016 00:00,Rain,289.87,3
10/01/2017 00:00,Clouds,289.79,6
10/10/2012 00:00,Clouds,285.45,4
10/10/2013 00:00,Clear,289.94,3
10/10/2016 00:00,Clear,287.953,3
10/10/2017 00:00,Clouds,295.97,4
10/11/2012 00:00,Clear,289.4,10
10/11/2013 00:00,Clear,289.685,3
10/11/2015 00:00,Clouds,287.1,3
10/11/2016 00:00,Clouds,291.115,2
10/11/2017 00:00,Rain,287.86,6
10/12/2012 00:00,Clear,280.4,1
10/12/2015 00:00,Clouds,294.48,5
10/12/2016 00:00,Clear,292.29400000000004,4
10/12/2017 00:00,Rain,286.76,6
10/13/2015 00:00,Clouds,291.51,9
10/13/2016 00:00,Rain,285.153,7
10/13/2017 00:00,Mist,288.49,2
10/14/2012 00:00,Clouds,280.62,3
10/14/2015 00:00,Clouds,285.92,6
10/14/2016 00:00,Clear,283.095,0
10/14/2017 00:00,Clouds,294.75,2
10/15/2012 00:00,Mist,290.95,5
10/15/2013 00:00,Clouds,286.22,0
10/15/2015 00:00,Clear,284.81,2
10/15/2016 00:00,Clear,289.664,5
10/15/2017 00:00,Rain,291.55,2
10/16/2012 00:00,Rain,283.46,9
10/16/2015 00:00,Clear,287.84,9
10/16/2016 00:00,Clouds,293.185,6
10/16/2017 00:00,Clouds,285.15,6
10/17/2012 00:00,Clouds,282.39,2
10/17/2016 00:00,Rain,291.871,2
10/17/2017 00:00,Clear,286.73,1
10/18/2012 00:00,Clouds,291.65,6
10/18/2013 00:00,Clouds,281.94,4
10/18/2015 00:00,Haze,280.45,1
10/18/2016 00:00,Clear,295.94,7
10/18/2017 00:00,Clear,291.26,3
10/19/2012 00:00,Rain,288.6,7
10/19/2015 00:00,Clear,282.14,3
10/19/2016 00:00,Clear,290.934,2
10/19/2017 00:00,Clear,292.65,3
10/02/2015 00:00,Clouds,285.69,8
10/02/2016 00:00,Rain,288.64,1
10/02/2017 00:00,Clouds,292.34,2
10/20/2012 00:00,Rain,280.46,4
10/20/2013 00:00,Rain,281.45,0
10/20/2015 00:00,Clouds,293.15,7
10/20/2016 00:00,Clouds,289.82099999999997,3
10/20/2017 00:00,Clear,289.05,1
10/21/2012 00:00,Rain,281.2,2
10/21/2015 00:00,Rain,290.71,2
10/21/2016 00:00,Clouds,285.832,8
10/21/2017 00:00,Clouds,294.62,2
10/22/2013 00:00,Clouds,285.193,3
10/22/2015 00:00,Clouds,294.02,5
10/22/2016 00:00,Clear,283.038,6
10/22/2017 00:00,Clear,296.37,4
10/23/2012 00:00,Clouds,288.76,2
10/23/2016 00:00,Clear,287.119,4
10/23/2017 00:00,Rain,284.45,6
10/24/2012 00:00,Rain,291.24,4
10/24/2016 00:00,Clear,289.56,7
10/24/2017 00:00,Clouds,284.65,2
10/25/2012 00:00,Clouds,291.07,3
10/25/2016 00:00,Clear,283.061,3
10/25/2017 00:00,Rain,280.79,4
10/26/2012 00:00,Clouds,296.23,4
10/26/2016 00:00,Clear,283.551,4
10/26/2017 00:00,Clear,281.62,2
10/27/2012 00:00,Rain,285.95,7
10/27/2016 00:00,Rain,284.328,7
10/27/2017 00:00,Clear,287.15,4
10/28/2012 00:00,Clouds,280.06,2
10/28/2015 00:00,Rain,285.05,6
10/28/2016 00:00,Clear,282.66200000000003,2
10/28/2017 00:00,Clouds,277.6,5
10/29/2012 00:00,Clouds,278.43,3
10/29/2015 00:00,Rain,282.16,6
10/29/2016 00:00,Clouds,290.948,7
10/29/2017 00:00,Clouds,277.15,4
10/03/2012 00:00,Clouds,288.08,4
10/03/2015 00:00,Clouds,286.84,9
10/03/2016 00:00,Rain,289.02,0
10/03/2017 00:00,Clouds,299.07,4
10/30/2012 00:00,Clouds,279.85,7
10/30/2015 00:00,Drizzle,280.75,3
10/30/2016 00:00,Clouds,290.937,1
10/30/2017 00:00,Clouds,278.97,2
10/31/2012 00:00,Clouds,280.5,9
10/31/2015 00:00,Clear,283.16,2
10/31/2016 00:00,Clear,283.649,3
10/31/2017 00:00,Clouds,278.51,9
10/04/2012 00:00,Clouds,289.87,5
10/04/2013 00:00,Clouds,295.11,4
10/04/2015 00:00,Rain,282.11,7
10/04/2016 00:00,Clear,290.14,1
10/04/2017 00:00,Clouds,297.62,5
10/05/2012 00:00,Rain,289.99,5
10/05/2013 00:00,Mist,293.22,3
10/05/2015 00:00,Clouds,286.28,5
10/05/2016 00:00,Clouds,292.37,2
10/05/2017 00:00,Clouds,293.08,2
10/06/2012 00:00,Rain,286.49,4
10/06/2015 00:00,Haze,287.56,3
10/06/2016 00:00,Clouds,294.08099999999996,3
10/06/2017 00:00,Clouds,294.16,2
10/07/2012 00:00,Clouds,282.05,3
10/07/2013 00:00,Clear,286.802,6
10/07/2015 00:00,Clouds,288.05,2
10/07/2016 00:00,Rain,292.194,1
10/07/2017 00:00,Rain,293.16,2
10/08/2012 00:00,Clouds,280.71,4
10/08/2013 00:00,Clear,288.09,3
10/08/2015 00:00,Clouds,287.88,5
10/08/2016 00:00,Clouds,287.112,6
10/08/2017 00:00,Rain,289.96,5
10/09/2012 00:00,Clouds,279.11,1
10/09/2013 00:00,Clear,290.819,5
10/09/2015 00:00,Rain,294.55,4
10/09/2016 00:00,Clear,288.094,3
10/09/2017 00:00,Clear,295.49,2
11/01/2012 00:00,Clouds,280.31,7
11/01/2015 00:00,Mist,283.64,5
11/01/2016 00:00,Clouds,287.953,6
11/01/2017 00:00,Clouds,276.15,2
11/10/2012 00:00,Haze,278.01,2
11/10/2013 00:00,Clouds,283.93,4
11/10/2015 00:00,Clear,282.05,1
11/10/2016 00:00,Clear,282.85,2
11/10/2017 00:00,Clear,274.13,5
11/11/2012 00:00,Haze,284.47,2
11/11/2013 00:00,Clouds,278.63,3
11/11/2015 00:00,Haze,281.96,1
11/11/2016 00:00,Clear,288.48,5
11/11/2017 00:00,Clear,270.74,2
11/12/2012 00:00,Clouds,291.84,5
11/12/2013 00:00,Clouds,271.04,4
11/12/2015 00:00,Clouds,289.04,9
11/12/2016 00:00,Clear,280.65,6
11/12/2017 00:00,Clouds,275.42,2
11/13/2012 00:00,Rain,286.14,6
11/13/2013 00:00,Clouds,270.93,1
11/13/2015 00:00,Clouds,281.15,9
11/13/2016 00:00,Clear,281.37,2
11/13/2017 00:00,Mist,276.33,2
11/14/2012 00:00,Snow,274.33,5
11/14/2013 00:00,Clouds,275.4,5
11/14/2015 00:00,Clear,279.04,5
11/14/2016 00:00,Clear,283.64,4
11/14/2017 00:00,Mist,276.75,1
11/15/2012 00:00,Clear,274.25,2
11/15/2013 00:00,Clouds,281.73,3
11/15/2015 00:00,Clear,285.38,4
11/15/2016 00:00,Clear,285.38,3
11/15/2017 00:00,Clouds,281.79,2
11/16/2012 00:00,Clear,276.28,2
11/16/2013 00:00,Clouds,285.193,3
11/16/2015 00:00,Clear,286.46,4
11/16/2016 00:00,Mist,281.85,1
11/16/2017 00:00,Clear,281.61,2
11/17/2012 00:00,Clouds,280.2,4
11/17/2013 00:00,Rain,286.9,5
11/17/2016 00:00,Mist,282.81,2
11/17/2017 00:00,Clouds,275.96,2
11/18/2015 00:00,Rain,287.36,9
11/18/2016 00:00,Clouds,291.85,5
11/18/2017 00:00,Thunderstorm,279.04,5
11/19/2012 00:00,Clouds,279.48,2
11/19/2013 00:00,Clouds,276.25,1
11/19/2015 00:00,Clouds,286.05,5
11/19/2016 00:00,Clouds,282.6,7
11/19/2017 00:00,Clouds,277.35,6
11/02/2012 00:00,Clouds,281.27,4
11/02/2016 00:00,Haze,291.94,3
11/02/2017 00:00,Rain,278.32,3
11/20/2012 00:00,Clouds,280.45,2
11/20/2013 00:00,Clouds,285.193,3
11/20/2015 00:00,Clear,277.45,7
11/20/2016 00:00,Clouds,274.45,6
11/20/2017 00:00,Clouds,273.24,6
11/21/2012 00:00,Clouds,285.52,3
11/21/2013 00:00,Clouds,285.193,3
11/21/2016 00:00,Clouds,271.75,3
11/21/2017 00:00,Clouds,282.7,7
11/22/2012 00:00,Haze,281.43,1
11/22/2013 00:00,Mist,281.15,1
11/22/2015 00:00,Snow,270.82,6
11/22/2016 00:00,Clouds,273.59,2
11/22/2017 00:00,Clouds,273.54,7
11/23/2012 00:00,Mist,283.14,1
11/23/2013 00:00,Clouds,285.193,3
11/23/2016 00:00,Clouds,276.55,4
11/23/2017 00:00,Clouds,272.61,2
11/24/2012 00:00,Rain,286.7,6
11/24/2013 00:00,Clouds,285.193,3
11/24/2016 00:00,Drizzle,279.75,4
11/24/2017 00:00,Clear,277.61,4
11/25/2012 00:00,Clouds,272.01,6
11/25/2013 00:00,Clouds,285.193,3
11/25/2015 00:00,Clear,276.28,4
11/25/2016 00:00,Clouds,276.38,1
11/25/2017 00:00,Clouds,286.98,6
11/26/2012 00:00,Clouds,271.39,0
11/26/2013 00:00,Clouds,273.09,3
11/26/2015 00:00,Rain,282.93,7
11/26/2016 00:00,Clouds,277.59,5
11/26/2017 00:00,Clear,279.76,3
11/27/2012 00:00,Clouds,275.33,1
11/27/2013 00:00,Clouds,270.93,2
11/27/2015 00:00,Rain,288.63,7
11/27/2016 00:00,Clear,278.65,4
11/27/2017 00:00,Clouds,280.56,3
11/28/2012 00:00,Clouds,273.87,3
11/28/2013 00:00,Clouds,269.51,2
11/28/2015 00:00,Rain,276.04,8
11/28/2016 00:00,Mist,278.85,4
11/28/2017 00:00,Clouds,283.39,4
11/29/2012 00:00,Clouds,271.71,2
11/29/2013 00:00,Clouds,271.27,1
11/29/2015 00:00,Clouds,275.54,5
11/29/2016 00:00,Rain,283.59,6
11/29/2017 00:00,Clouds,287.04,5
11/03/2012 00:00,Clouds,281.11,0
11/03/2016 00:00,Thunderstorm,288.76,3
11/03/2017 00:00,Drizzle,282.68,4
11/30/2012 00:00,Clear,275.21,2
11/30/2013 00:00,Clouds,274.34,3
11/30/2015 00:00,Clouds,276.92,4
11/30/2016 00:00,Clouds,284.65,5
11/30/2017 00:00,Clear,278.46,5
11/04/2012 00:00,Clouds,278.03,3
11/04/2015 00:00,Mist,288.96,2
11/04/2016 00:00,Clear,286.64,1
11/04/2017 00:00,Clouds,280.69,3
11/05/2012 00:00,Clouds,278.76,4
11/05/2015 00:00,Clouds,293.15,4
11/05/2016 00:00,Clear,284.58,2
11/05/2017 00:00,Drizzle,282.14,2
11/06/2012 00:00,Clear,279.35,4
11/06/2015 00:00,Drizzle,292.76,9
11/06/2016 00:00,Clear,289.14,3
11/06/2017 00:00,Clouds,283.51,6
11/07/2012 00:00,Clouds,277.55,4
11/07/2013 00:00,Clouds,278.87,0
11/07/2016 00:00,Haze,287.48,2
11/07/2017 00:00,Clouds,277.15,4
11/08/2012 00:00,Rain,277.08,3
11/08/2013 00:00,Clouds,276.03,3
11/08/2015 00:00,Clear,281.14,5
11/08/2016 00:00,Clear,287.7,1
11/08/2017 00:00,Rain,277.94,4
11/09/2012 00:00,Clouds,279.87,2
11/09/2016 00:00,Clouds,284.95,3
11/09/2017 00:00,Clear,278.16,3
12/01/2012 00:00,Clouds,282.45,4
12/01/2013 00:00,Clouds,279.81,3
12/01/2015 00:00,Rain,279.96,5
12/01/2016 00:00,Rain,276.05,6
12/01/2017 00:00,Clouds,281.25,5
12/10/2012 00:00,Clouds,277.56,5
12/10/2015 00:00,Clouds,280.75,3
12/10/2016 00:00,Clear,267.72,2
12/10/2017 00:00,Snow,270.65,5
12/11/2012 00:00,Mist,278.24,2
12/11/2015 00:00,Clear,284.36,8
12/11/2016 00:00,Snow,268.16,1
12/11/2017 00:00,Clouds,272.64,4
12/12/2012 00:00,Clouds,273.32,4
12/12/2013 00:00,Clouds,259.68,1
12/12/2015 00:00,Clear,282.34,3
12/12/2016 00:00,Snow,273.7,3
12/12/2017 00:00,Snow,274.59,5
12/13/2012 00:00,Clear,272.92,2
12/13/2013 00:00,Clouds,285.193,3
12/13/2015 00:00,Haze,285.73,2
12/13/2016 00:00,Clear,263.94,3
12/13/2017 00:00,Clouds,265.87,6
12/14/2012 00:00,Clear,276.91,3
12/14/2013 00:00,Clouds,272.15,2
12/14/2015 00:00,Rain,288.27,7
12/14/2016 00:00,Clear,261.742,6
12/14/2017 00:00,Snow,274.25,10
12/15/2012 00:00,Clouds,279.24,7
12/15/2016 00:00,Clear,262.26,8
12/15/2017 00:00,Clouds,268.23,3
12/16/2013 00:00,Clouds,285.193,3
12/16/2016 00:00,Clouds,258.93,5
12/16/2017 00:00,Snow,273.95,8
12/17/2012 00:00,Rain,282.57,5
12/17/2013 00:00,Rain,266.76,3
12/17/2015 00:00,Clouds,279.58,7
12/17/2016 00:00,Snow,265.93,3
12/17/2017 00:00,Clear,276.61,2
12/18/2012 00:00,Clouds,277.36,3
12/18/2016 00:00,Snow,266.37,6
12/18/2017 00:00,Mist,278.39,2
12/19/2012 00:00,Clouds,275.89,3
12/19/2016 00:00,Clear,254.55,2
12/19/2017 00:00,Mist,277.43,3
12/02/2012 00:00,Haze,279.62,4
12/02/2013 00:00,Clouds,274.97,3
12/02/2015 00:00,Clouds,277.26,3
12/02/2016 00:00,Rain,276.82,5
12/02/2017 00:00,Clouds,279.07,2
12/20/2012 00:00,Haze,277.59,3
12/20/2016 00:00,Clear,262.03,5
12/20/2017 00:00,Clouds,279.15,5
12/21/2012 00:00,Haze,277.32,3
12/21/2015 00:00,Clear,281.12,8
12/21/2016 00:00,Clouds,269.92,5
12/21/2017 00:00,Clouds,272.42,3
12/22/2012 00:00,Snow,274.45,8
12/22/2015 00:00,Rain,282.34,3
12/22/2016 00:00,Clouds,275.05,5
12/22/2017 00:00,Clouds,277.05,3
12/23/2012 00:00,Clouds,268.34,8
12/23/2015 00:00,Mist,275.76,4
12/23/2016 00:00,Clear,272.56,2
12/23/2017 00:00,Haze,275.96,2
12/24/2012 00:00,Clouds,271.41,2
12/24/2015 00:00,Rain,286.53,9
12/24/2016 00:00,Snow,274.55,2
12/24/2017 00:00,Clear,269.42,3
12/25/2012 00:00,Clouds,273.44,3
12/25/2016 00:00,Haze,275.15,1
12/25/2017 00:00,Snow,266.52,6
12/26/2012 00:00,Clouds,272.89,5
12/26/2015 00:00,Clouds,275.47,4
12/26/2016 00:00,Rain,274.75,5
12/26/2017 00:00,Snow,261.24,5
12/27/2012 00:00,Snow,273.02,5
12/27/2013 00:00,Clouds,273.8,1
12/27/2015 00:00,Rain,279.11,2
12/27/2016 00:00,Haze,279.25,6
12/27/2017 00:00,Clear,256.74,3
12/28/2012 00:00,Clouds,273.29,6
12/28/2015 00:00,Clouds,275.36,7
12/28/2016 00:00,Clear,271.25,2
12/28/2017 00:00,Clouds,256.97,3
12/29/2012 00:00,Clouds,272.46,2
12/29/2015 00:00,Rain,274.53,7
12/29/2016 00:00,Clouds,277.37,4
12/29/2017 00:00,Snow,261.75,3
12/03/2012 00:00,Clouds,287.89,5
12/03/2013 00:00,Clouds,277.36,2
12/03/2015 00:00,Snow,274.15,4
12/03/2016 00:00,Clouds,276.26,4
12/03/2017 00:00,Haze,281.17,2
12/30/2012 00:00,Haze,272.77,2
12/30/2015 00:00,Clouds,272.27,5
12/30/2016 00:00,Snow,274.55,11
12/30/2017 00:00,Snow,263.42,1
12/31/2012 00:00,Clouds,270.18,6
12/31/2013 00:00,Clouds,262.71,0
12/31/2015 00:00,Clouds,271.02,4
12/31/2016 00:00,Clear,272.26,4
12/31/2017 00:00,Snow,256.15,2
12/04/2012 00:00,Mist,283.68,2
12/04/2013 00:00,Rain,282.79,3
12/04/2016 00:00,Haze,272.85,1
12/04/2017 00:00,Clouds,282.64,5
12/05/2012 00:00,Clouds,293.06,6
12/05/2013 00:00,Mist,286.22,4
12/05/2016 00:00,Snow,273.55,7
12/05/2017 00:00,Clouds,290.55,12
12/06/2012 00:00,Clear,283.95,5
12/06/2013 00:00,Clouds,268.94,4
12/06/2015 00:00,Mist,275.36,6
12/06/2016 00:00,Mist,273.65,2
12/06/2017 00:00,Clear,272.06,7
12/07/2012 00:00,Clouds,275.07,3
12/07/2016 00:00,Clear,273.92,6
12/07/2017 00:00,Clear,272.96,5
12/08/2012 00:00,Clouds,280.18,4
12/08/2016 00:00,Clouds,269.85,7
12/08/2017 00:00,Clear,269.54,6
12/09/2015 00:00,Mist,280.24,2
12/09/2016 00:00,Snow,267.59,6
12/09/2017 00:00,Clear,273.42,4
02/01/2013 00:00,Clouds,266.74,11
02/01/2014 00:00,Clear,267.41,0
02/01/2017 00:00,Clear,276.45,4
02/01/2018 00:00,Clear,277.42,2
02/10/2013 00:00,Clouds,270.86,5
02/10/2014 00:00,Clouds,262.62,3
02/10/2016 00:00,Snow,264.58,6
02/10/2017 00:00,Clear,267.26,4
02/10/2018 00:00,Snow,269.13,6
02/11/2014 00:00,Clear,258.93,4
02/11/2017 00:00,Clouds,277.25,4
02/11/2018 00:00,Clouds,267.21,5
02/12/2014 00:00,Clouds,260.31,2
02/12/2016 00:00,Clouds,266.58,3
02/12/2017 00:00,Haze,278.95,3
02/12/2018 00:00,Clouds,266.06,5
02/13/2013 00:00,Clouds,274.15,5
02/13/2014 00:00,Rain,267.43,1
02/13/2017 00:00,Clear,277.85,8
02/13/2018 00:00,Clouds,267.15,4
02/14/2013 00:00,Clouds,273.09,5
02/14/2014 00:00,Clouds,271.89,5
02/14/2016 00:00,Clear,262.41,3
02/14/2018 00:00,Haze,272.05,3
02/15/2013 00:00,Clouds,276.87,3
02/15/2014 00:00,Clouds,265.59,5
02/15/2017 00:00,Clear,277.712,6
02/15/2018 00:00,Drizzle,277.24,3
02/16/2013 00:00,Clouds,275.57,5
02/16/2014 00:00,Clouds,265.13,4
02/16/2017 00:00,Clouds,272.39099999999996,6
02/16/2018 00:00,Mist,279.17,2
02/17/2013 00:00,Clouds,270.74,5
02/17/2014 00:00,Clouds,269.14,5
02/17/2017 00:00,Clouds,275.555,3
02/17/2018 00:00,Clear,271.42,2
02/18/2013 00:00,Clouds,264.85,6
02/18/2014 00:00,Clouds,269.56,0
02/18/2016 00:00,Clear,269.92,2
02/18/2017 00:00,Clear,282.933,6
02/18/2018 00:00,Snow,273.69,2
02/19/2013 00:00,Clouds,270.85,3
02/19/2014 00:00,Clouds,279.14,6
02/19/2016 00:00,Clouds,276.95,11
02/19/2017 00:00,Clear,279.931,1
02/19/2018 00:00,Haze,275.75,5
02/02/2013 00:00,Clouds,261.03,10
02/02/2014 00:00,Rain,270.34,1
02/02/2016 00:00,Mist,274.33,2
02/02/2017 00:00,Clouds,274.25,7
02/02/2018 00:00,Clear,263.75,4
02/20/2014 00:00,Clouds,275.93,2
02/20/2017 00:00,Clear,279.717,2
02/20/2018 00:00,Rain,286.36,9
02/21/2014 00:00,Clouds,281.12,8
02/21/2017 00:00,Clouds,284.248,6
02/21/2018 00:00,Rain,283.79,3
02/22/2013 00:00,Clouds,267.1,4
02/22/2014 00:00,Clouds,273.34,7
02/22/2017 00:00,Clear,290.17,1
02/22/2018 00:00,Clouds,272.41,6
02/23/2013 00:00,Clouds,270.68,6
02/23/2014 00:00,Clouds,273.15,4
02/23/2017 00:00,Haze,291.56,6
02/23/2018 00:00,Clouds,278.41,4
02/24/2013 00:00,Clouds,272.54,6
02/24/2014 00:00,Clouds,268.78,6
02/24/2017 00:00,Rain,276.65,7
02/24/2018 00:00,Clouds,276.65,5
02/25/2013 00:00,Clouds,269.84,4
02/25/2014 00:00,Clouds,267.3,5
02/25/2016 00:00,Snow,273.78,12
02/25/2017 00:00,Mist,277.95,4
02/25/2018 00:00,Drizzle,278.69,5
02/26/2013 00:00,Clouds,273.96,2
02/26/2014 00:00,Clouds,263.69,7
02/26/2016 00:00,Clouds,274.12,6
02/26/2017 00:00,Clouds,270.45,7
02/26/2018 00:00,Clouds,279.52,6
02/27/2013 00:00,Clouds,275.39,4
02/27/2014 00:00,Clouds,262.62,5
02/27/2016 00:00,Clouds,273.37,3
02/27/2017 00:00,Clouds,281.37,4
02/27/2018 00:00,Clear,283.96,3
02/28/2013 00:00,Snow,273.74,7
02/28/2014 00:00,Clouds,260.13,2
02/28/2016 00:00,Clear,283.45,6
02/28/2017 00:00,Clouds,284.16,3
02/28/2018 00:00,Clear,287.96,7
02/29/2016 00:00,Rain,287.45,7
02/03/2013 00:00,Clouds,260.57,8
02/03/2014 00:00,Clouds,263.88,3
02/03/2017 00:00,Clouds,267.55,6
02/03/2018 00:00,Clear,265.76,2
02/04/2013 00:00,Clouds,265.02,5
02/04/2014 00:00,Clouds,264.24,4
02/04/2017 00:00,Clear,269.82,3
02/04/2018 00:00,Clouds,276.85,11
02/05/2013 00:00,Clouds,264.96,6
02/05/2014 00:00,Clouds,267.85,4
02/05/2016 00:00,Clouds,271.67,2
02/05/2017 00:00,Clouds,273.6,7
02/05/2018 00:00,Snow,263.05,3
02/06/2013 00:00,Clouds,268.98,5
02/06/2014 00:00,Rain,265.08,5
02/06/2016 00:00,Clouds,272.46,3
02/06/2017 00:00,Clouds,274.06,2
02/06/2018 00:00,Snow,261.15,4
02/07/2014 00:00,Clouds,256.28,4
02/07/2016 00:00,Clouds,275.31,2
02/07/2017 00:00,Mist,280.94,4
02/07/2018 00:00,Haze,265.14,1
02/08/2013 00:00,Clouds,275.44,4
02/08/2014 00:00,Clouds,260.12,3
02/08/2016 00:00,Clear,277.46,5
02/08/2017 00:00,Mist,279.27,7
02/08/2018 00:00,Snow,264.25,4
02/09/2013 00:00,Snow,274.28,2
02/09/2014 00:00,Rain,263.79,0
02/09/2016 00:00,Snow,270.33,6
02/09/2017 00:00,Clouds,270.59,4
02/09/2018 00:00,Snow,266.65,2
03/01/2013 00:00,Snow,273.96,4
03/01/2014 00:00,Clouds,271.34,4
03/01/2016 00:00,Clouds,276.76,10
03/01/2017 00:00,Thunderstorm,287.7,7
03/01/2018 00:00,Haze,278.51,4
03/10/2013 00:00,Clouds,275.92,2
03/10/2014 00:00,Clouds,277.15,6
03/10/2016 00:00,Clouds,288.26,3
03/10/2017 00:00,Clouds,275.55,3
03/10/2018 00:00,Clear,274.79,3
03/11/2013 00:00,Clouds,278.92,5
03/11/2014 00:00,Clouds,282.54,5
03/11/2016 00:00,Clouds,280.58,4
03/11/2017 00:00,Clouds,269.75,5
03/11/2018 00:00,Clear,275.8,3
03/12/2013 00:00,Rain,281.21,4
03/12/2014 00:00,Clouds,276.52,7
03/12/2016 00:00,Clouds,281.88,3
03/12/2017 00:00,Clouds,269.65,3
03/12/2018 00:00,Clear,275.79,4
03/13/2014 00:00,Clouds,267.82,5
03/13/2016 00:00,Haze,283.66,3
03/13/2017 00:00,Clouds,273.15,6
03/13/2018 00:00,Snow,277.61,4
03/14/2013 00:00,Snow,273.94,9
03/14/2014 00:00,Clear,274.15,5
03/14/2016 00:00,Rain,281.85,2
03/14/2017 00:00,Snow,271.65,9
03/14/2018 00:00,Clouds,271.45,6
03/15/2013 00:00,Clouds,272.69,0
03/15/2014 00:00,Clouds,279.47,9
03/15/2016 00:00,Mist,282.7,2
03/15/2017 00:00,Snow,268.55,7
03/15/2018 00:00,Clear,281.43,5
03/16/2013 00:00,Clouds,274.69,1
03/16/2014 00:00,Clouds,272.82,6
03/16/2016 00:00,Clear,288.4,7
03/16/2017 00:00,Clouds,272.05,4
03/16/2018 00:00,Clear,276.75,4
03/17/2013 00:00,Mist,275.08,4
03/17/2014 00:00,Clouds,267.46,7
03/17/2017 00:00,Clouds,276.69,4
03/17/2018 00:00,Clear,274.34,4
03/18/2013 00:00,Clouds,272.58,1
03/18/2014 00:00,Clouds,275.13,4
03/18/2016 00:00,Clouds,284.14,4
03/18/2017 00:00,Haze,281.15,3
03/18/2018 00:00,Clear,278.98,3
03/19/2013 00:00,Clouds,273.47,3
03/19/2014 00:00,Rain,281.08,6
03/19/2017 00:00,Clouds,278.05,4
03/19/2018 00:00,Clear,284.67,3
03/02/2013 00:00,Snow,272.61,7
03/02/2014 00:00,Clouds,264.55,5
03/02/2016 00:00,Mist,267.75,7
03/02/2017 00:00,Snow,273.95,8
03/02/2018 00:00,Clouds,278.43,4
03/20/2013 00:00,Rain,273.68,8
03/20/2014 00:00,Rain,275.64,7
03/20/2016 00:00,Clouds,276.79,4
03/20/2017 00:00,Clouds,282.59,5
03/20/2018 00:00,Clear,276.85,8
03/21/2013 00:00,Clear,272.52,4
03/21/2014 00:00,Clouds,279.37,3
03/21/2016 00:00,Clouds,277.61,5
03/21/2017 00:00,Mist,280.85,5
03/21/2018 00:00,Clear,274.36,8
03/22/2013 00:00,Clouds,267.29,6
03/22/2014 00:00,Clouds,286.56,3
03/22/2016 00:00,Clouds,280.87,3
03/22/2017 00:00,Clouds,275.92,6
03/22/2018 00:00,Clear,275.65,4
03/23/2013 00:00,Clear,272.8,2
03/23/2014 00:00,Clouds,274.62,5
03/23/2016 00:00,Clear,290.21,7
03/23/2017 00:00,Clear,273.85,4
03/23/2018 00:00,Clear,280.26,2
03/24/2013 00:00,Clear,274.73,1
03/24/2014 00:00,Clouds,269.99,3
03/24/2016 00:00,Rain,277.95,5
03/24/2017 00:00,Clouds,282.16,4
03/24/2018 00:00,Clear,275.45,7
03/25/2013 00:00,Clouds,274.64,2
03/25/2014 00:00,Clouds,273.37,4
03/25/2017 00:00,Haze,290.72,2
03/25/2018 00:00,Clear,277.35,3
03/26/2013 00:00,Clouds,274.21,6
03/26/2014 00:00,Clouds,269.61,5
03/26/2016 00:00,Clear,278.86,3
03/26/2017 00:00,Rain,280.15,4
03/26/2018 00:00,Clear,276.95,4
03/27/2013 00:00,Snow,274.01,5
03/27/2014 00:00,Clouds,275.98,6
03/27/2016 00:00,Clear,283.27,4
03/27/2017 00:00,Rain,286.61,3
03/27/2018 00:00,Drizzle,283.95,5
03/28/2013 00:00,Clouds,276.85,0
03/28/2014 00:00,Rain,282.43,7
03/28/2017 00:00,Mist,280.76,4
03/28/2018 00:00,Mist,281.35,2
03/29/2013 00:00,Clouds,277.9,0
03/29/2014 00:00,Clouds,275.52,3
03/29/2017 00:00,Mist,279.75,4
03/29/2018 00:00,Rain,282.86,2
03/03/2013 00:00,Snow,270.38,6
03/03/2014 00:00,Clouds,260.14,6
03/03/2017 00:00,Snow,272.59,5
03/03/2018 00:00,Clear,278.63,1
03/30/2013 00:00,Clouds,280.06,1
03/30/2014 00:00,Clear,276.03,4
03/30/2017 00:00,Rain,281.64,6
03/30/2018 00:00,Mist,277.6,4
03/31/2013 00:00,Clear,281.79,1
03/31/2014 00:00,Clouds,284.77,4
03/31/2017 00:00,Mist,280.07,5
03/31/2018 00:00,Clouds,281.45,4
03/04/2013 00:00,Clouds,270.4,4
03/04/2014 00:00,Clouds,262.94,4
03/04/2017 00:00,Clouds,271.95,3
03/04/2018 00:00,Clear,277.36,3
03/05/2013 00:00,Clouds,270.53,3
03/05/2017 00:00,Clouds,275.55,7
03/05/2018 00:00,Clear,280.27,6
03/06/2014 00:00,Clouds,267.35,7
03/06/2017 00:00,Clouds,286.04,7
03/06/2018 00:00,Rain,276.65,8
03/07/2013 00:00,Snow,271.79,4
03/07/2014 00:00,Clouds,270.33,2
03/07/2016 00:00,Clear,283.15,6
03/07/2017 00:00,Rain,288.04,12
03/07/2018 00:00,Snow,275.25,3
03/08/2013 00:00,Clouds,273.33,3
03/08/2014 00:00,Clouds,278.94,4
03/08/2017 00:00,Clouds,282.16,6
03/08/2018 00:00,Clouds,272.14,6
03/09/2013 00:00,Clouds,273.89,3
03/09/2014 00:00,Clouds,270.36,2
03/09/2016 00:00,Clear,293.4,7
03/09/2017 00:00,Clouds,282.85,8
03/09/2018 00:00,Snow,272.97,5
04/01/2013 00:00,Clouds,286.02,5
04/01/2014 00:00,Clouds,290.17,10
04/01/2016 00:00,Clouds,284.42,8
04/01/2017 00:00,Clouds,278.36,8
04/01/2018 00:00,Clouds,281.14,4
04/10/2013 00:00,Clouds,289.9,0
04/10/2014 00:00,Clouds,289.15,6
04/10/2016 00:00,Clouds,274.21,6
04/10/2017 00:00,Clouds,296.45,7
04/11/2013 00:00,Haze,279.75,7
04/11/2014 00:00,Clouds,289.48,2
04/11/2016 00:00,Drizzle,282.17,3
04/11/2017 00:00,Thunderstorm,287.41,9
04/12/2013 00:00,Mist,277.46,5
04/12/2014 00:00,Clouds,292.33,4
04/12/2017 00:00,Clouds,284.26,7
04/13/2013 00:00,Mist,281.41,2
04/13/2014 00:00,Clouds,296.56,7
04/13/2017 00:00,Clouds,283.26,5
04/14/2013 00:00,Clouds,277.56,6
04/14/2014 00:00,Rain,282.14,6
04/14/2017 00:00,Mist,286.74,4
04/15/2013 00:00,Clouds,279.97,4
04/15/2014 00:00,Rain,272.97,3
04/15/2016 00:00,Clear,285.46,4
04/15/2017 00:00,Rain,290.84,3
04/16/2013 00:00,Clouds,292.2,4
04/16/2014 00:00,Clouds,275.11,4
04/16/2016 00:00,Clear,287.99,4
04/16/2017 00:00,Clouds,298.14,7
04/17/2013 00:00,Rain,284.6,2
04/17/2014 00:00,Clouds,282.89,8
04/17/2016 00:00,Clear,291.22,5
04/17/2017 00:00,Clouds,293.26,4
04/18/2013 00:00,Clouds,279.19,4
04/18/2014 00:00,Clouds,286.9,4
04/18/2016 00:00,Clear,293.78,3
04/18/2017 00:00,Clouds,286.57,4
04/19/2013 00:00,Rain,280.42,2
04/19/2014 00:00,Clear,278.93,4
04/19/2016 00:00,Clear,294.87,3
04/19/2017 00:00,Clouds,296.65,6
04/02/2013 00:00,Clouds,280.79,10
04/02/2014 00:00,Clouds,281.15,5
04/02/2017 00:00,Clear,284.65,4
04/20/2013 00:00,Clouds,290.1,7
04/20/2014 00:00,Clouds,289.79,4
04/20/2016 00:00,Clouds,284.37,3
04/20/2017 00:00,Clouds,283.15,6
04/21/2013 00:00,Clear,276.19,3
04/21/2014 00:00,Clouds,296.4,3
04/21/2016 00:00,Rain,290.04,5
04/21/2017 00:00,Clouds,287.75,8
04/22/2013 00:00,Clear,277.74,1
04/22/2014 00:00,Rain,290.42,6
04/22/2016 00:00,Rain,287.65,3
04/22/2017 00:00,Clouds,282.35,6
04/23/2013 00:00,Clouds,284.18,6
04/23/2014 00:00,Clouds,280.84,5
04/23/2016 00:00,Clear,280.77,6
04/23/2017 00:00,Clouds,285.55,4
04/24/2013 00:00,Clouds,289.09,3
04/24/2014 00:00,Clouds,279.86,4
04/24/2017 00:00,Clouds,290.82,4
04/25/2013 00:00,Rain,277.94,5
04/25/2014 00:00,Clouds,289.31,6
04/25/2017 00:00,Clouds,291.45,4
04/26/2013 00:00,Clouds,282.47,5
04/26/2014 00:00,Clouds,292.96,7
04/26/2016 00:00,Rain,297.95,7
04/26/2017 00:00,Clouds,297.37,6
04/27/2013 00:00,Clouds,282.98,5
04/27/2014 00:00,Clouds,278.33,7
04/27/2016 00:00,Haze,279.44,6
04/27/2017 00:00,Clouds,293.45,2
04/28/2013 00:00,Clear,291.03,5
04/28/2014 00:00,Rain,286.09,5
04/28/2017 00:00,Clouds,281.25,7
04/29/2013 00:00,Clouds,289.91,2
04/29/2014 00:00,Rain,284.74,8
04/29/2016 00:00,Haze,280.67,4
04/29/2017 00:00,Haze,285.86,3
04/03/2013 00:00,Clear,276.32,3
04/03/2014 00:00,Clouds,275.83,7
04/03/2016 00:00,Snow,274.42,10
04/03/2017 00:00,Rain,286.27,2
04/30/2013 00:00,Clear,287.99,2
04/30/2016 00:00,Haze,280.82,4
04/30/2017 00:00,Rain,278.37,9
04/04/2013 00:00,Clouds,277.84,0
04/04/2014 00:00,Clouds,275.54,4
04/04/2017 00:00,Mist,283.75,4
04/05/2013 00:00,Clouds,276.73,0
04/05/2014 00:00,Clouds,276.33,9
04/05/2017 00:00,Clouds,284.25,4
04/06/2013 00:00,Clouds,286.92,1
04/06/2014 00:00,Clouds,281.68,4
04/06/2016 00:00,Rain,279.24,4
04/06/2017 00:00,Rain,277.93,13
04/07/2013 00:00,Clouds,277.13,2
04/07/2014 00:00,Clouds,284.76,3
04/07/2016 00:00,Rain,280.88,3
04/07/2017 00:00,Clouds,280.15,8
04/08/2013 00:00,Clouds,291.53,5
04/08/2014 00:00,Clouds,282.6,4
04/08/2016 00:00,Clouds,277.18,5
04/08/2017 00:00,Clear,283.23,4
04/09/2013 00:00,Clouds,280.02,1
04/09/2014 00:00,Clouds,284.07,0
04/09/2016 00:00,Snow,275.25,6
04/09/2017 00:00,Clouds,290.35,7
05/01/2013 00:00,Clouds,295.06,5
05/01/2016 00:00,Rain,280.67,7
05/01/2017 00:00,Rain,280.15,5
05/10/2013 00:00,Clouds,294.61,0
05/10/2014 00:00,Rain,293.09,7
05/10/2016 00:00,Rain,284.15,5
05/10/2017 00:00,Clouds,287.13,4
05/11/2013 00:00,Clouds,291.17,1
05/11/2014 00:00,Clear,296.16,0
05/11/2016 00:00,Rain,288.59,2
05/11/2017 00:00,Mist,286.14,5
05/12/2013 00:00,Clouds,280.25,7
05/12/2014 00:00,Rain,292.19,10
05/12/2016 00:00,Clouds,291.97,2
05/12/2017 00:00,Clouds,289.77,3
05/13/2013 00:00,Clear,284.09,5
05/13/2014 00:00,Rain,299.22,3
05/13/2016 00:00,Clouds,291.06,7
05/13/2017 00:00,Clear,290.54,4
05/14/2013 00:00,Clouds,281.97,2
05/14/2014 00:00,Clouds,285.81,3
05/14/2016 00:00,Rain,288.16,3
05/14/2017 00:00,Clouds,299.04,5
05/15/2013 00:00,Clouds,285.19,2
05/15/2014 00:00,Rain,284.14,3
05/15/2016 00:00,Clouds,280.74,4
05/15/2017 00:00,Clear,288.75,5
05/16/2013 00:00,Clouds,300.38,5
05/16/2014 00:00,Clouds,281.83,1
05/16/2016 00:00,Clouds,285.68,5
05/16/2017 00:00,Clouds,300.81,2
05/17/2013 00:00,Clouds,296.03,0
05/17/2014 00:00,Clouds,279.25,2
05/17/2016 00:00,Clouds,290.93,4
05/17/2017 00:00,Clouds,302.7,7
05/18/2013 00:00,Clouds,292.56,0
05/18/2014 00:00,Clear,287.33,2
05/18/2016 00:00,Clouds,284.79,6
05/18/2017 00:00,Clouds,300.94,13
05/19/2013 00:00,Clouds,289.6,2
05/19/2014 00:00,Clear,292.33,2
05/19/2016 00:00,Clouds,287.55,5
05/19/2017 00:00,Clear,298.25,6
05/02/2013 00:00,Clear,301.11,5
05/02/2016 00:00,Rain,281.6,7
05/02/2017 00:00,Rain,282.93,8
05/20/2013 00:00,Clouds,295.49,2
05/20/2014 00:00,Rain,292.61,2
05/20/2016 00:00,Clouds,290.92,3
05/20/2017 00:00,Drizzle,281.26,8
05/21/2013 00:00,Clouds,300.08,0
05/21/2014 00:00,Rain,301.11,2
05/21/2016 00:00,Clouds,289.93,4
05/21/2017 00:00,Rain,291.76,2
05/22/2013 00:00,Clouds,303.29,2
05/22/2014 00:00,Clouds,302.3,5
05/22/2016 00:00,Clouds,293.9,3
05/22/2017 00:00,Clouds,285.85,6
05/23/2013 00:00,Clouds,299.03,3
05/23/2014 00:00,Clouds,289.63,4
05/23/2016 00:00,Clouds,294.39,4
05/23/2017 00:00,Clouds,294.03,7
05/24/2013 00:00,Clear,293.99,2
05/24/2014 00:00,Clouds,287.88,4
05/24/2016 00:00,Clouds,298.41,4
05/24/2017 00:00,Rain,287.48,1
05/25/2013 00:00,Clear,282.44,1
05/25/2014 00:00,Clouds,291.21,0
05/25/2016 00:00,Clouds,301.37,4
05/25/2017 00:00,Rain,286.99,4
05/26/2013 00:00,Clear,284.74,0
05/26/2014 00:00,Clouds,298.7,3
05/26/2016 00:00,Rain,293.61,8
05/26/2017 00:00,Clouds,291.35,3
05/27/2013 00:00,Clouds,285.49,1
05/27/2014 00:00,Rain,296.49,3
05/27/2016 00:00,Clouds,301.0,3
05/27/2017 00:00,Rain,288.26,2
05/28/2013 00:00,Clouds,288.77,1
05/28/2014 00:00,Rain,294.91,4
05/28/2016 00:00,Rain,296.89,4
05/28/2017 00:00,Clear,295.24,3
05/29/2013 00:00,Clouds,288.04,5
05/29/2014 00:00,Clouds,289.16,6
05/29/2016 00:00,Clouds,299.9,7
05/29/2017 00:00,Clouds,296.92,5
05/03/2013 00:00,Clouds,299.59,3
05/03/2016 00:00,Clouds,285.11,4
05/03/2017 00:00,Clouds,282.16,4
05/30/2013 00:00,Clouds,296.67,2
05/30/2014 00:00,Clouds,294.27,5
05/30/2016 00:00,Clouds,299.04,5
05/30/2017 00:00,Clouds,296.25,10
05/31/2013 00:00,Clouds,300.46,2
05/31/2014 00:00,Rain,295.4,4
05/31/2016 00:00,Haze,299.26,4
05/31/2017 00:00,Rain,294.46,3
05/04/2013 00:00,Clouds,282.07,7
05/04/2016 00:00,Clouds,290.65,7
05/04/2017 00:00,Clouds,283.94,3
05/05/2013 00:00,Clouds,280.13,4
05/05/2014 00:00,Clear,283.04,0
05/05/2016 00:00,Clouds,281.22,6
05/05/2017 00:00,Clouds,282.48,9
05/06/2013 00:00,Clouds,290.15,1
05/06/2014 00:00,Clouds,282.36,1
05/06/2016 00:00,Clouds,286.48,3
05/06/2017 00:00,Clouds,285.65,5
05/07/2013 00:00,Clouds,289.61,0
05/07/2014 00:00,Clouds,286.87,2
05/07/2016 00:00,Clouds,299.52,4
05/07/2017 00:00,Clouds,284.65,6
05/08/2013 00:00,Clouds,290.5,1
05/08/2014 00:00,Haze,288.94,2
05/08/2016 00:00,Clouds,286.03,6
05/08/2017 00:00,Clouds,281.59,4
05/09/2013 00:00,Clouds,293.98,0
05/09/2014 00:00,Clear,302.98,2
05/09/2016 00:00,Clouds,290.34,3
05/09/2017 00:00,Clouds,283.12,4
06/01/2013 00:00,Clouds,298.88,3
06/01/2014 00:00,Clouds,300.21,5
06/01/2016 00:00,Clouds,292.26,1
06/01/2017 00:00,Clouds,295.56,5
06/10/2013 00:00,Clear,293.11,1
06/10/2014 00:00,Clouds,293.26,3
06/10/2016 00:00,Rain,294.52,1
06/10/2017 00:00,Clouds,298.44,5
06/11/2013 00:00,Clouds,297.56,2
06/11/2014 00:00,Rain,287.91,4
06/11/2016 00:00,Clear,304.13,4
06/11/2017 00:00,Clear,304.78,6
06/12/2013 00:00,Fog,294.11,2
06/12/2014 00:00,Rain,290.17,0
06/12/2016 00:00,Rain,303.99,2
06/12/2017 00:00,Clear,305.82,6
06/13/2013 00:00,Rain,299.82,1
06/13/2014 00:00,Clouds,296.56,0
06/13/2016 00:00,Clear,290.98,4
06/13/2017 00:00,Clear,307.15,4
06/14/2013 00:00,Rain,294.25,1
06/14/2014 00:00,Clear,293.27,1
06/14/2016 00:00,Rain,298.61,2
06/14/2017 00:00,Rain,296.57,4
06/15/2013 00:00,Clear,290.54,3
06/15/2016 00:00,Rain,297.64,0
06/15/2017 00:00,Thunderstorm,294.15,2
06/16/2013 00:00,Clouds,291.07,3
06/16/2016 00:00,Clear,302.45,1
06/16/2017 00:00,Clear,304.92,2
06/17/2013 00:00,Rain,297.42,1
06/17/2016 00:00,Clear,292.11,3
06/17/2017 00:00,Clouds,302.54,3
06/18/2013 00:00,Rain,301.13,3
06/18/2016 00:00,Clear,297.77,3
06/18/2017 00:00,Rain,300.3,6
06/19/2013 00:00,Rain,297.88,2
06/19/2014 00:00,Rain,291.65,1
06/19/2016 00:00,Clear,299.67,2
06/19/2017 00:00,Clouds,297.64,6
06/02/2013 00:00,Clouds,296.58,1
06/02/2014 00:00,Rain,302.21,3
06/02/2016 00:00,Clouds,298.57,4
06/02/2017 00:00,Clear,297.48,1
06/20/2014 00:00,Clouds,295.0,0
06/20/2016 00:00,Clear,302.93,3
06/20/2017 00:00,Thunderstorm,293.25,1
06/21/2014 00:00,Clear,296.66,0
06/21/2016 00:00,Rain,303.07,3
06/21/2017 00:00,Rain,291.92,3
06/22/2016 00:00,Clear,300.34,4
06/22/2017 00:00,Clouds,298.48,3
06/23/2013 00:00,Clear,295.87,5
06/23/2016 00:00,Rain,295.94,2
06/23/2017 00:00,Clouds,301.85,9
06/24/2016 00:00,Rain,293.94,3
06/24/2017 00:00,Clouds,299.44,5
06/25/2013 00:00,Rain,297.55,4
06/25/2014 00:00,Rain,296.38,0
06/25/2015 00:00,Clouds,294.81,2
06/25/2016 00:00,Clouds,298.66,4
06/25/2017 00:00,Clouds,295.55,9
06/26/2013 00:00,Rain,293.65,2
06/26/2015 00:00,Mist,294.18,5
06/26/2016 00:00,Clouds,303.76,6
06/26/2017 00:00,Clouds,293.65,7
06/27/2013 00:00,Rain,297.61,1
06/27/2014 00:00,Fog,293.25,1
06/27/2015 00:00,Rain,290.53,4
06/27/2016 00:00,Clouds,302.55,4
06/27/2017 00:00,Clouds,293.55,7
06/28/2013 00:00,Rain,296.18,3
06/28/2015 00:00,Clouds,294.82,4
06/28/2016 00:00,Clouds,298.44,5
06/28/2017 00:00,Clear,296.93,2
06/29/2013 00:00,Rain,297.13,2
06/29/2015 00:00,Rain,294.31,4
06/29/2016 00:00,Clouds,292.26,4
06/29/2017 00:00,Rain,298.45,7
06/03/2013 00:00,Rain,292.05,4
06/03/2014 00:00,Rain,300.5,0
06/03/2016 00:00,Clouds,297.65,4
06/03/2017 00:00,Clear,301.04,2
06/30/2013 00:00,Rain,297.19,1
06/30/2015 00:00,Clouds,294.65,3
06/30/2017 00:00,Clouds,298.25,2
06/04/2013 00:00,Clear,283.11,1
06/04/2014 00:00,Clear,298.38,0
06/04/2016 00:00,Clouds,299.2,5
06/04/2017 00:00,Clear,301.48,2
06/05/2013 00:00,Clear,290.27,2
06/05/2014 00:00,Clouds,290.35,2
06/05/2016 00:00,Clouds,294.54,3
06/05/2017 00:00,Clear,304.94,3
06/06/2013 00:00,Clouds,291.0,5
06/06/2014 00:00,Clear,295.57,0
06/06/2016 00:00,Rain,298.73,6
06/06/2017 00:00,Clear,292.66,7
06/07/2013 00:00,Clouds,289.53,0
06/07/2014 00:00,Clear,297.95,2
06/07/2016 00:00,Clouds,296.55,8
06/07/2017 00:00,Clear,294.24,6
06/08/2013 00:00,Clouds,287.96,4
06/08/2014 00:00,Clouds,296.69,1
06/08/2016 00:00,Clouds,290.2,3
06/08/2017 00:00,Clear,295.93,2
06/09/2013 00:00,Clear,291.27,2
06/09/2014 00:00,Clear,291.35,3
06/09/2016 00:00,Clear,290.23,0
06/09/2017 00:00,Rain,299.15,3
07/01/2013 00:00,Clouds,291.48,5
07/01/2014 00:00,Thunderstorm,298.52,9
07/01/2016 00:00,Clouds,296.91,6
07/01/2017 00:00,Drizzle,298.83,3
07/10/2013 00:00,Rain,302.59,0
07/10/2014 00:00,Clouds,296.89,3
07/10/2015 00:00,Clouds,294.29,3
07/10/2016 00:00,Clouds,296.45,5
07/10/2017 00:00,Clouds,302.04,3
07/11/2013 00:00,Clouds,301.82,1
07/11/2014 00:00,Clear,294.353,2
07/11/2015 00:00,Clouds,297.08,3
07/11/2016 00:00,Clouds,298.36,4
07/11/2017 00:00,Rain,300.38,2
07/12/2013 00:00,Clear,296.68,1
07/12/2014 00:00,Clouds,298.12,3
07/12/2015 00:00,Rain,295.14,3
07/12/2016 00:00,Clouds,303.17,5
07/12/2017 00:00,Clear,299.71,2
07/13/2013 00:00,Clear,296.33,2
07/13/2014 00:00,Clouds,299.65,2
07/13/2015 00:00,Clouds,299.13,5
07/13/2016 00:00,Clouds,301.31,5
07/13/2017 00:00,Clouds,299.55,2
07/14/2013 00:00,Clear,297.66,2
07/14/2014 00:00,Clouds,301.16,5
07/14/2015 00:00,Rain,301.71,3
07/14/2016 00:00,Rain,298.87,1
07/14/2017 00:00,Clouds,300.76,5
07/15/2013 00:00,Clear,298.22,0
07/15/2014 00:00,Clouds,296.89,6
07/15/2015 00:00,Clouds,293.75,6
07/15/2016 00:00,Clear,298.934,5
07/15/2017 00:00,Clouds,293.93,4
07/16/2013 00:00,Clear,300.58,1
07/16/2014 00:00,Rain,290.64,4
07/16/2015 00:00,Clouds,293.14,5
07/16/2016 00:00,Clouds,296.48,4
07/16/2017 00:00,Clouds,298.75,3
07/17/2013 00:00,Clouds,301.15,2
07/17/2014 00:00,Clouds,292.97,4
07/17/2015 00:00,Rain,294.48,5
07/17/2016 00:00,Clear,295.994,3
07/17/2017 00:00,Clouds,294.44,4
07/18/2014 00:00,Clouds,295.56,4
07/18/2015 00:00,Clouds,301.59,5
07/18/2016 00:00,Rain,295.85,6
07/18/2017 00:00,Clouds,297.61,2
07/19/2013 00:00,Clouds,305.37,1
07/19/2014 00:00,Clouds,297.23,5
07/19/2015 00:00,Clouds,299.72,2
07/19/2016 00:00,Rain,291.638,7
07/19/2017 00:00,Clouds,302.48,2
07/02/2013 00:00,Clear,292.874,7
07/02/2014 00:00,Clouds,299.47,6
07/02/2015 00:00,Clouds,288.71,5
07/02/2016 00:00,Clouds,292.3,6
07/02/2017 00:00,Clouds,299.85,7
07/20/2013 00:00,Rain,303.64,1
07/20/2014 00:00,Clear,297.22,1
07/20/2015 00:00,Clouds,298.95,4
07/20/2016 00:00,Rain,291.638,7
07/20/2017 00:00,Rain,300.79,2
07/21/2013 00:00,Clouds,305.8,5
07/21/2014 00:00,Clouds,298.83,4
07/21/2015 00:00,Clouds,299.76,3
07/21/2016 00:00,Clouds,300.311,3
07/21/2017 00:00,Clouds,301.25,2
07/22/2013 00:00,Clear,299.16,3
07/22/2014 00:00,Clear,300.97,4
07/22/2015 00:00,Clouds,298.07,3
07/22/2016 00:00,Clouds,304.53,4
07/22/2017 00:00,Clouds,300.49,2
07/23/2013 00:00,Rain,296.97,1
07/23/2014 00:00,Clouds,303.31,6
07/23/2015 00:00,Clouds,298.2,4
07/23/2016 00:00,Rain,303.6,2
07/23/2017 00:00,Clouds,301.75,1
07/24/2013 00:00,Clouds,302.14,1
07/24/2014 00:00,Rain,291.69,3
07/24/2015 00:00,Clouds,299.68,4
07/24/2016 00:00,Rain,298.59,9
07/24/2017 00:00,Rain,295.46,3
07/25/2013 00:00,Clear,293.49,5
07/25/2015 00:00,Clouds,300.1,5
07/25/2016 00:00,Rain,301.06,11
07/25/2017 00:00,Clouds,295.44,2
07/26/2013 00:00,Clear,293.05,1
07/26/2014 00:00,Clouds,295.81,4
07/26/2015 00:00,Clouds,299.95,5
07/26/2016 00:00,Clouds,300.64,4
07/26/2017 00:00,Clouds,298.66,3
07/27/2013 00:00,Clear,296.94,1
07/27/2014 00:00,Clouds,299.48,4
07/27/2015 00:00,Clouds,298.0,3
07/27/2016 00:00,Clouds,300.94,4
07/27/2017 00:00,Haze,300.45,2
07/28/2013 00:00,Rain,294.03,0
07/28/2015 00:00,Clouds,300.09,5
07/28/2016 00:00,Clouds,301.14,6
07/28/2017 00:00,Clouds,298.62,7
07/29/2013 00:00,Clouds,289.6,0
07/29/2015 00:00,Clouds,302.57,4
07/29/2016 00:00,Clouds,296.79,6
07/29/2017 00:00,Clear,297.52,5
07/03/2013 00:00,Clouds,293.223,7
07/03/2015 00:00,Clouds,290.84,5
07/03/2016 00:00,Clouds,294.34,4
07/03/2017 00:00,Thunderstorm,301.17,5
07/30/2013 00:00,Clear,292.92,2
07/30/2015 00:00,Clouds,300.62,7
07/30/2016 00:00,Rain,295.34,3
07/30/2017 00:00,Clear,297.34,4
07/31/2013 00:00,Clear,292.42,3
07/31/2014 00:00,Clouds,294.99,2
07/31/2015 00:00,Clouds,301.72,7
07/31/2016 00:00,Clouds,295.64,4
07/31/2017 00:00,Clouds,299.61,4
07/04/2013 00:00,Clouds,290.763,6
07/04/2015 00:00,Clouds,294.85,3
07/04/2016 00:00,Clouds,294.81,6
07/04/2017 00:00,Thunderstorm,296.45,3
07/05/2013 00:00,Clouds,292.909,1
07/05/2014 00:00,Clouds,295.88,4
07/05/2015 00:00,Clear,298.05,3
07/05/2016 00:00,Clouds,296.6,4
07/05/2017 00:00,Clear,299.82,4
07/06/2013 00:00,Clouds,299.5,1
07/06/2014 00:00,Clouds,297.74,7
07/06/2015 00:00,Clouds,298.99,4
07/06/2016 00:00,Clouds,301.66,4
07/06/2017 00:00,Thunderstorm,300.82,2
07/07/2013 00:00,Clouds,299.55,0
07/07/2014 00:00,Clouds,302.16,7
07/07/2015 00:00,Rain,299.28,5
07/07/2016 00:00,Clouds,300.86,4
07/07/2017 00:00,Clear,305.25,5
07/08/2013 00:00,Clouds,299.17,2
07/08/2014 00:00,Clouds,302.65,5
07/08/2015 00:00,Clouds,289.83,7
07/08/2016 00:00,Rain,298.17,3
07/08/2017 00:00,Clouds,298.44,4
07/09/2013 00:00,Clear,303.16,1
07/09/2014 00:00,Clouds,299.9,6
07/09/2015 00:00,Rain,290.16,2
07/09/2016 00:00,Clouds,300.12,6
07/09/2017 00:00,Clear,297.25,2
08/01/2013 00:00,Rain,294.24,2
08/01/2014 00:00,Clouds,298.77,5
08/01/2015 00:00,Clouds,300.4,6
08/01/2016 00:00,Clouds,296.94,3
08/01/2017 00:00,Clouds,300.33,3
08/10/2013 00:00,Clouds,294.62,3
08/10/2015 00:00,Clouds,297.33,4
08/10/2016 00:00,Clear,300.399,3
08/10/2017 00:00,Clouds,299.05,2
08/11/2013 00:00,Clouds,299.29,0
08/11/2015 00:00,Clouds,296.69,4
08/11/2016 00:00,Clear,301.6,2
08/11/2017 00:00,Thunderstorm,299.15,2
08/12/2013 00:00,Clear,296.25,2
08/12/2015 00:00,Clouds,296.03,4
08/12/2016 00:00,Clear,300.73,1
08/12/2017 00:00,Clouds,295.95,2
08/13/2013 00:00,Rain,295.91,1
08/13/2015 00:00,Clouds,296.5,4
08/13/2016 00:00,Rain,298.15,0
08/13/2017 00:00,Clear,295.55,2
08/14/2013 00:00,Rain,295.95,1
08/14/2015 00:00,Clouds,298.73,5
08/14/2016 00:00,Clouds,299.31,1
08/14/2017 00:00,Clear,295.85,2
08/15/2013 00:00,Clear,292.12,2
08/15/2015 00:00,Clouds,301.79,3
08/15/2016 00:00,Clouds,299.07,2
08/15/2017 00:00,Clouds,299.66,3
08/16/2013 00:00,Clear,293.681,1
08/16/2015 00:00,Clouds,299.09,3
08/16/2016 00:00,Rain,296.48,2
08/16/2017 00:00,Clear,297.15,5
08/17/2013 00:00,Clouds,295.697,1
08/17/2015 00:00,Clouds,301.57,6
08/17/2016 00:00,Rain,299.7,0
08/17/2017 00:00,Rain,298.33,3
08/18/2013 00:00,Clear,296.63599999999997,2
08/18/2015 00:00,Rain,297.39,2
08/18/2016 00:00,Clouds,299.97,1
08/18/2017 00:00,Clouds,299.75,7
08/19/2013 00:00,Clear,296.7,3
08/19/2015 00:00,Thunderstorm,298.45,5
08/19/2016 00:00,Rain,300.65,0
08/19/2017 00:00,Clear,299.76,4
08/02/2013 00:00,Clouds,296.132,1
08/02/2014 00:00,Clear,294.26,1
08/02/2015 00:00,Clouds,300.6,6
08/02/2016 00:00,Clouds,298.56,4
08/02/2017 00:00,Clouds,300.46,1
08/20/2013 00:00,Clear,296.79,0
08/20/2015 00:00,Clouds,293.07,6
08/20/2016 00:00,Clear,299.68,0
08/20/2017 00:00,Clear,299.76,3
08/21/2013 00:00,Clear,299.35,2
08/21/2015 00:00,Clouds,294.61,6
08/21/2016 00:00,Rain,294.9,6
08/21/2017 00:00,Clouds,300.24,2
08/22/2013 00:00,Clouds,301.93,1
08/22/2015 00:00,Clouds,297.91,5
08/22/2016 00:00,Clouds,294.73,5
08/22/2017 00:00,Thunderstorm,300.78,4
08/23/2013 00:00,Clear,302.59,2
08/23/2015 00:00,Clouds,296.78,5
08/23/2016 00:00,Clouds,296.59,5
08/23/2017 00:00,Clear,297.6,5
08/24/2013 00:00,Clouds,295.92,3
08/24/2015 00:00,Clouds,294.58,5
08/24/2016 00:00,Clouds,297.98,5
08/24/2017 00:00,Clouds,295.43,4
08/25/2015 00:00,Clouds,292.59,8
08/25/2016 00:00,Clouds,300.36,3
08/25/2017 00:00,Clear,292.7,5
08/26/2013 00:00,Clouds,299.2,0
08/26/2015 00:00,Clouds,291.59,4
08/26/2016 00:00,Rain,298.06,3
08/26/2017 00:00,Clear,294.56,3
08/27/2013 00:00,Clear,301.91,2
08/27/2015 00:00,Clouds,290.88,1
08/27/2016 00:00,Clouds,295.86,3
08/27/2017 00:00,Rain,295.15,3
08/28/2015 00:00,Clouds,292.8,4
08/28/2016 00:00,Clouds,299.94,3
08/28/2017 00:00,Clouds,295.88,2
08/29/2015 00:00,Clouds,294.46,2
08/29/2016 00:00,Rain,296.86,4
08/29/2017 00:00,Rain,293.15,1
08/03/2013 00:00,Clear,297.59,4
08/03/2015 00:00,Clouds,303.42,10
08/03/2016 00:00,Clouds,300.41,4
08/03/2017 00:00,Clouds,299.55,5
08/30/2013 00:00,Clear,296.16,2
08/30/2016 00:00,Rain,297.43,3
08/30/2017 00:00,Clouds,295.16,3
08/31/2013 00:00,Clear,299.76,2
08/31/2015 00:00,Mist,294.84,3
08/31/2016 00:00,Clouds,297.45,3
08/31/2017 00:00,Clouds,297.89,2
08/04/2013 00:00,Clouds,298.62,5
08/04/2014 00:00,Clouds,300.3,3
08/04/2015 00:00,Clouds,298.31,6
08/04/2016 00:00,Rain,301.53,1
08/04/2017 00:00,Thunderstorm,296.53,5
08/05/2013 00:00,Clear,295.59,1
08/05/2014 00:00,Thunderstorm,297.67,4
08/05/2015 00:00,Clouds,297.5,4
08/05/2016 00:00,Clouds,302.4,3
08/05/2017 00:00,Clouds,291.95,5
08/06/2013 00:00,Clear,293.26,3
08/06/2014 00:00,Clouds,296.48,3
08/06/2015 00:00,Clouds,297.25,5
08/06/2016 00:00,Clear,299.07,2
08/06/2017 00:00,Clouds,297.46,5
08/07/2013 00:00,Clouds,293.85,3
08/07/2014 00:00,Clouds,296.34,3
08/07/2015 00:00,Clouds,297.54,4
08/07/2016 00:00,Rain,297.71,1
08/07/2017 00:00,Clouds,296.16,2
08/08/2013 00:00,Rain,300.17,0
08/08/2014 00:00,Clouds,297.15,4
08/08/2015 00:00,Clouds,299.13,5
08/08/2016 00:00,Rain,296.98,3
08/08/2017 00:00,Clouds,295.61,5
08/09/2013 00:00,Clear,296.44,6
08/09/2015 00:00,Clouds,296.19,2
08/09/2016 00:00,Rain,298.71,3
08/09/2017 00:00,Clouds,299.36,2
09/01/2015 00:00,Clouds,299.39,2
09/01/2016 00:00,Clouds,294.46,4
09/01/2017 00:00,Haze,292.78,7
09/10/2013 00:00,Clouds,305.37,3
09/10/2015 00:00,Clouds,293.67,4
09/10/2016 00:00,Rain,295.26,2
09/10/2017 00:00,Clear,292.8,6
09/11/2015 00:00,Clouds,291.47,3
09/11/2016 00:00,Clouds,293.2,5
09/11/2017 00:00,Clear,292.67,4
09/12/2013 00:00,Rain,298.194,0
09/12/2015 00:00,Clouds,288.45,7
09/12/2016 00:00,Clouds,293.56,2
09/12/2017 00:00,Clouds,292.89,2
09/13/2015 00:00,Clouds,287.5,5
09/13/2016 00:00,Clouds,296.2,3
09/13/2017 00:00,Clouds,294.67,4
09/14/2013 00:00,Clear,290.349,5
09/14/2015 00:00,Clear,290.43,3
09/14/2016 00:00,Rain,298.13,3
09/14/2017 00:00,Mist,293.25,2
09/15/2013 00:00,Clouds,293.255,2
09/15/2015 00:00,Rain,297.7,5
09/15/2016 00:00,Clouds,293.06,4
09/15/2017 00:00,Clear,297.98,3
09/16/2013 00:00,Clouds,287.15,3
09/16/2015 00:00,Clouds,296.42,5
09/16/2016 00:00,Clouds,295.04,4
09/16/2017 00:00,Clear,301.27,2
09/17/2015 00:00,Clear,297.57,4
09/17/2016 00:00,Clouds,298.26,3
09/17/2017 00:00,Clear,301.67,2
09/18/2015 00:00,Rain,297.13,6
09/18/2016 00:00,Clouds,296.45,5
09/18/2017 00:00,Clouds,297.44,4
09/19/2015 00:00,Rain,294.17,5
09/19/2016 00:00,Clouds,297.01,2
09/19/2017 00:00,Clouds,294.16,2
09/02/2016 00:00,Clouds,292.93,8
09/02/2017 00:00,Clouds,291.85,5
09/20/2015 00:00,Clouds,289.58,3
09/20/2016 00:00,Clouds,298.89,3
09/20/2017 00:00,Mist,295.88,3
09/21/2016 00:00,Clear,297.71,1
09/21/2017 00:00,Clouds,304.26,3
09/22/2015 00:00,Clear,290.86,3
09/22/2016 00:00,Clouds,293.83,0
09/22/2017 00:00,Clear,303.34,3
09/23/2016 00:00,Clouds,297.16,2
09/23/2017 00:00,Clear,304.53,2
09/24/2015 00:00,Clouds,293.22,4
09/24/2016 00:00,Rain,293.77,2
09/24/2017 00:00,Clear,303.53,3
09/25/2015 00:00,Clouds,293.08,3
09/25/2016 00:00,Clouds,293.32,2
09/25/2017 00:00,Clouds,302.96,1
09/26/2015 00:00,Mist,292.39,5
09/26/2016 00:00,Rain,296.96,4
09/26/2017 00:00,Clear,302.46,1
09/27/2015 00:00,Mist,293.37,5
09/27/2016 00:00,Clear,290.2,3
09/27/2017 00:00,Rain,302.35,3
09/28/2013 00:00,Clouds,294.48,0
09/28/2015 00:00,Clouds,294.23,2
09/28/2016 00:00,Clouds,289.58,2
09/28/2017 00:00,Clouds,292.13,5
09/29/2013 00:00,Clouds,299.995,6
09/29/2015 00:00,Clouds,296.22,1
09/29/2016 00:00,Rain,286.55,2
09/29/2017 00:00,Clear,293.35,2
09/03/2013 00:00,Clear,292.88,1
09/03/2015 00:00,Clouds,301.36,3
09/03/2016 00:00,Clouds,293.68,6
09/03/2017 00:00,Clouds,294.66,5
09/30/2013 00:00,Clear,291.374,1
09/30/2015 00:00,Clouds,287.83,7
09/30/2016 00:00,Rain,289.81,4
09/30/2017 00:00,Clouds,290.24,6
09/04/2015 00:00,Thunderstorm,299.84,3
09/04/2016 00:00,Clouds,294.08,4
09/04/2017 00:00,Clear,299.26,2
09/05/2013 00:00,Clouds,297.93,2
09/05/2015 00:00,Clouds,297.04,4
09/05/2016 00:00,Clouds,296.28,3
09/05/2017 00:00,Haze,296.23,3
09/06/2015 00:00,Clouds,298.85,3
09/06/2016 00:00,Clouds,301.72,4
09/06/2017 00:00,Clouds,290.14,8
09/07/2013 00:00,Clear,298.752,3
09/07/2015 00:00,Haze,302.54,4
09/07/2016 00:00,Clouds,303.59,5
09/07/2017 00:00,Clouds,289.46,3
09/08/2015 00:00,Clouds,300.29,2
09/08/2016 00:00,Rain,301.76,5
09/08/2017 00:00,Clouds,291.96,3
09/09/2013 00:00,Clear,296.16,2
09/09/2015 00:00,Rain,295.23,3
09/09/2016 00:00,Clouds,298.96,2
09/09/2017 00:00,Clouds,290.65,4
